fixed acidity,volatile acidity,citric acid,residual sugar,chlorides,free sulfur dioxide,total sulfur dioxide,density,pH,sulphates,alcohol
6.5,0.59,0.3,1.88,0.06,27.2,84.8,0.9957,3.31,1.01,12.2
7.4,1.185,0.0,4.25,0.09699999999999999,5.0,14.0,0.9966,3.63,0.54,10.7
8.4,0.67,0.19,2.2,0.09300000000000001,11.0,75.0,0.99736,3.2,0.59,9.2
7.98,0.68,0.7,9.16,0.07,18.6,65.7,1.003,3.04,1.35,11.8